mmsi,vessel_name,vessel_type,timestamp,latitude,longitude,speed_knots,heading
413289000,MV Ocean Phoenix,Crude Oil Tanker,2026-08-29 04:00:00+00:00,18.599373,71.300089,14.01,55.89
413289000,MV Ocean Phoenix,Crude Oil Tanker,2026-08-29 04:05:00+00:00,18.604756,71.308408,13.73,55.89
413289000,MV Ocean Phoenix,Crude Oil Tanker,2026-08-29 04:10:00+00:00,18.609609,71.315054,13.86,55.89
413289000,MV Ocean Phoenix,Crude Oil Tanker,2026-08-29 04:15:00+00:00,18.61506,71.323733,14.16,55.89
413289000,MV Ocean Phoenix,Crude Oil Tanker,2026-08-29 04:20:00+00:00,18.619364,71.331011,14.01,55.89
413289000,MV Ocean Phoenix,Crude Oil Tanker,2026-08-29 04:25:00+00:00,18.624819,71.338552,13.97,55.89
413289000,MV Ocean Phoenix,Crude Oil Tanker,2026-08-29 04:30:00+00:00,18.630029,71.346965,13.97,55.89
413289000,MV Ocean Phoenix,Crude Oil Tanker,2026-08-29 04:35:00+00:00,18.634488,71.353919,14.02,55.89
413289000,MV Ocean Phoenix,Crude Oil Tanker,2026-08-29 04:40:00+00:00,18.638888,71.362003,14.46,55.89
413289000,MV Ocean Phoenix,Crude Oil Tanker,2026-08-29 04:45:00+00:00,18.643491,71.369333,14.21,55.89
413289000,MV Ocean Phoenix,Crude Oil Tanker,2026-08-29 04:50:00+00:00,18.648896,71.377015,13.84,55.89
413289000,MV Ocean Phoenix,Crude Oil Tanker,2026-08-29 04:55:00+00:00,18.653597,71.384387,14.54,55.89
413289000,MV Ocean Phoenix,Crude Oil Tanker,2026-08-29 05:00:00+00:00,18.6582,71.39332,14.0,55.89
413289000,MV Ocean Phoenix,Crude Oil Tanker,2026-08-29 05:05:00+00:00,18.664167,71.399954,13.74,55.89
413289000,MV Ocean Phoenix,Crude Oil Tanker,2026-08-29 05:10:00+00:00,18.668726,71.407699,14.54,55.89
413289000,MV Ocean Phoenix,Crude Oil Tanker,2026-08-29 05:15:00+00:00,18.672682,71.416005,14.07,55.89
413289000,MV Ocean Phoenix,Crude Oil Tanker,2026-08-29 05:20:00+00:00,18.677213,71.422892,14.03,55.89
413289000,MV Ocean Phoenix,Crude Oil Tanker,2026-08-29 05:25:00+00:00,18.683673,71.431044,13.86,55.89
413289000,MV Ocean Phoenix,Crude Oil Tanker,2026-08-29 05:30:00+00:00,18.688191,71.437505,13.96,55.89
413289000,MV Ocean Phoenix,Crude Oil Tanker,2026-08-29 05:35:00+00:00,18.693351,71.446349,14.27,55.89
413289000,MV Ocean Phoenix,Crude Oil Tanker,2026-08-29 05:40:00+00:00,18.698154,71.453269,14.52,55.89
413289000,MV Ocean Phoenix,Crude Oil Tanker,2026-08-29 05:45:00+00:00,18.703143,71.461212,13.86,55.89
413289000,MV Ocean Phoenix,Crude Oil Tanker,2026-08-29 05:50:00+00:00,18.707222,71.470456,14.23,55.89
413289000,MV Ocean Phoenix,Crude Oil Tanker,2026-08-29 05:55:00+00:00,18.711976,71.477154,14.26,55.89
413289000,MV Ocean Phoenix,Crude Oil Tanker,2026-08-29 06:00:00+00:00,18.717116,71.484539,14.01,55.89
413289000,MV Ocean Phoenix,Crude Oil Tanker,2026-08-29 06:05:00+00:00,18.722463,71.491869,14.44,55.89
413289000,MV Ocean Phoenix,Crude Oil Tanker,2026-08-29 06:10:00+00:00,18.726618,71.499124,14.64,55.89
413289000,MV Ocean Phoenix,Crude Oil Tanker,2026-08-29 06:15:00+00:00,18.732051,71.50815,14.11,55.89
413289000,MV Ocean Phoenix,Crude Oil Tanker,2026-08-29 06:20:00+00:00,18.737026,71.515859,14.3,55.89
413289000,MV Ocean Phoenix,Crude Oil Tanker,2026-08-29 06:25:00+00:00,18.741771,71.523254,13.95,55.89
413289000,MV Ocean Phoenix,Crude Oil Tanker,2026-08-29 06:30:00+00:00,18.746724,71.53114,14.2,55.89
413289000,MV Ocean Phoenix,Crude Oil Tanker,2026-08-29 06:35:00+00:00,18.751929,71.538368,13.89,55.89
413289000,MV Ocean Phoenix,Crude Oil Tanker,2026-08-29 06:40:00+00:00,18.757149,71.546185,14.17,55.89
413289000,MV Ocean Phoenix,Crude Oil Tanker,2026-08-29 06:45:00+00:00,18.761798,71.553511,14.03,55.89
413289000,MV Ocean Phoenix,Crude Oil Tanker,2026-08-29 06:50:00+00:00,18.766524,71.56072,14.34,55.89
413289000,MV Ocean Phoenix,Crude Oil Tanker,2026-08-29 06:55:00+00:00,18.770906,71.570536,13.72,55.89
413289000,MV Ocean Phoenix,Crude Oil Tanker,2026-08-29 07:00:00+00:00,18.775568,71.576808,2.3,55.89
413289000,MV Ocean Phoenix,Crude Oil Tanker,2026-08-29 07:05:00+00:00,18.781591,71.58509,2.11,55.89
413289000,MV Ocean Phoenix,Crude Oil Tanker,2026-08-29 07:10:00+00:00,18.78627,71.592298,2.32,55.89
413289000,MV Ocean Phoenix,Crude Oil Tanker,2026-08-29 07:15:00+00:00,18.790473,71.599937,2.21,55.89
413289000,MV Ocean Phoenix,Crude Oil Tanker,2026-08-29 07:20:00+00:00,18.795637,71.607514,2.11,55.89
413289000,MV Ocean Phoenix,Crude Oil Tanker,2026-08-29 07:25:00+00:00,18.801427,71.615873,2.52,55.89
413289000,MV Ocean Phoenix,Crude Oil Tanker,2026-08-29 09:35:00+00:00,18.928275,71.815071,14.25,55.89
413289000,MV Ocean Phoenix,Crude Oil Tanker,2026-08-29 09:40:00+00:00,18.93302,71.823836,14.49,55.89
413289000,MV Ocean Phoenix,Crude Oil Tanker,2026-08-29 09:45:00+00:00,18.937012,71.831975,14.16,55.89
413289000,MV Ocean Phoenix,Crude Oil Tanker,2026-08-29 09:50:00+00:00,18.942363,71.838308,13.99,55.89
413289000,MV Ocean Phoenix,Crude Oil Tanker,2026-08-29 09:55:00+00:00,18.947126,71.845604,13.71,55.89
413289000,MV Ocean Phoenix,Crude Oil Tanker,2026-08-29 10:00:00+00:00,18.95321,71.854042,14.5,55.89
413289000,MV Ocean Phoenix,Crude Oil Tanker,2026-08-29 10:05:00+00:00,18.956709,71.861707,14.39,55.89
413289000,MV Ocean Phoenix,Crude Oil Tanker,2026-08-29 10:10:00+00:00,18.96213,71.869025,13.75,55.89
413289000,MV Ocean Phoenix,Crude Oil Tanker,2026-08-29 10:15:00+00:00,18.967492,71.876828,14.14,55.89
413289000,MV Ocean Phoenix,Crude Oil Tanker,2026-08-29 10:20:00+00:00,18.971482,71.885185,14.21,55.89
413289000,MV Ocean Phoenix,Crude Oil Tanker,2026-08-29 10:25:00+00:00,18.976567,71.893018,14.28,55.89
413289000,MV Ocean Phoenix,Crude Oil Tanker,2026-08-29 10:30:00+00:00,18.981841,71.899789,14.1,55.89
413289000,MV Ocean Phoenix,Crude Oil Tanker,2026-08-29 10:35:00+00:00,18.986648,71.906269,14.21,55.89
413289000,MV Ocean Phoenix,Crude Oil Tanker,2026-08-29 10:40:00+00:00,18.99151,71.914575,14.25,55.89
413289000,MV Ocean Phoenix,Crude Oil Tanker,2026-08-29 10:45:00+00:00,18.996924,71.923884,14.31,55.89
413289000,MV Ocean Phoenix,Crude Oil Tanker,2026-08-29 10:50:00+00:00,19.00133,71.93121,14.48,55.89
413289000,MV Ocean Phoenix,Crude Oil Tanker,2026-08-29 10:55:00+00:00,19.006784,71.939229,13.79,55.89
413289000,MV Ocean Phoenix,Crude Oil Tanker,2026-08-29 11:00:00+00:00,19.011213,71.945241,14.48,55.89
413289000,MV Ocean Phoenix,Crude Oil Tanker,2026-08-29 11:05:00+00:00,19.016089,71.953718,13.76,55.89
413289000,MV Ocean Phoenix,Crude Oil Tanker,2026-08-29 11:10:00+00:00,19.021074,71.962041,13.72,55.89
413289000,MV Ocean Phoenix,Crude Oil Tanker,2026-08-29 11:15:00+00:00,19.025466,71.968408,14.36,55.89
413289000,MV Ocean Phoenix,Crude Oil Tanker,2026-08-29 11:20:00+00:00,19.031003,71.977782,14.53,55.89
413289000,MV Ocean Phoenix,Crude Oil Tanker,2026-08-29 11:25:00+00:00,19.035068,71.983972,14.49,55.89
413289000,MV Ocean Phoenix,Crude Oil Tanker,2026-08-29 11:30:00+00:00,19.039683,71.992357,14.68,55.89
413289000,MV Ocean Phoenix,Crude Oil Tanker,2026-08-29 11:35:00+00:00,19.044982,71.999527,14.4,55.89
413289000,MV Ocean Phoenix,Crude Oil Tanker,2026-08-29 11:40:00+00:00,19.050446,72.007882,14.17,55.89
413289000,MV Ocean Phoenix,Crude Oil Tanker,2026-08-29 11:45:00+00:00,19.05481,72.015247,13.82,55.89
413289000,MV Ocean Phoenix,Crude Oil Tanker,2026-08-29 11:50:00+00:00,19.059942,72.023287,14.35,55.89
413289000,MV Ocean Phoenix,Crude Oil Tanker,2026-08-29 11:55:00+00:00,19.065314,72.030496,14.29,55.89
413289000,MV Ocean Phoenix,Crude Oil Tanker,2026-08-29 12:00:00+00:00,19.070387,72.038406,14.5,55.89
413289000,MV Ocean Phoenix,Crude Oil Tanker,2026-08-29 12:05:00+00:00,19.073834,72.045699,14.34,55.89
413289000,MV Ocean Phoenix,Crude Oil Tanker,2026-08-29 12:10:00+00:00,19.079047,72.053965,14.6,55.89
413289000,MV Ocean Phoenix,Crude Oil Tanker,2026-08-29 12:15:00+00:00,19.084652,72.061096,14.11,55.89
413289000,MV Ocean Phoenix,Crude Oil Tanker,2026-08-29 12:20:00+00:00,19.088922,72.069032,14.53,55.89
413289000,MV Ocean Phoenix,Crude Oil Tanker,2026-08-29 12:25:00+00:00,19.093676,72.07682,13.92,55.89
413289000,MV Ocean Phoenix,Crude Oil Tanker,2026-08-29 12:30:00+00:00,19.099155,72.084839,14.2,55.89
413289000,MV Ocean Phoenix,Crude Oil Tanker,2026-08-29 12:35:00+00:00,19.104417,72.091412,14.45,55.89
413289000,MV Ocean Phoenix,Crude Oil Tanker,2026-08-29 12:40:00+00:00,19.109272,72.09975,13.88,55.89
413289000,MV Ocean Phoenix,Crude Oil Tanker,2026-08-29 12:45:00+00:00,19.113876,72.107619,13.71,55.89
413289000,MV Ocean Phoenix,Crude Oil Tanker,2026-08-29 12:50:00+00:00,19.11874,72.115329,14.15,55.89
413289000,MV Ocean Phoenix,Crude Oil Tanker,2026-08-29 12:55:00+00:00,19.124276,72.123327,14.6,55.89
413289000,MV Ocean Phoenix,Crude Oil Tanker,2026-08-29 13:00:00+00:00,19.128089,72.130549,14.64,55.89
413289000,MV Ocean Phoenix,Crude Oil Tanker,2026-08-29 13:05:00+00:00,19.133598,72.138388,14.21,55.89
413289000,MV Ocean Phoenix,Crude Oil Tanker,2026-08-29 13:10:00+00:00,19.138143,72.146429,14.31,55.89
413289000,MV Ocean Phoenix,Crude Oil Tanker,2026-08-29 13:15:00+00:00,19.143728,72.15459,13.82,55.89
413289000,MV Ocean Phoenix,Crude Oil Tanker,2026-08-29 13:20:00+00:00,19.14877,72.161651,14.42,55.89
413289000,MV Ocean Phoenix,Crude Oil Tanker,2026-08-29 13:25:00+00:00,19.15267,72.170248,14.29,55.89
413289000,MV Ocean Phoenix,Crude Oil Tanker,2026-08-29 13:30:00+00:00,19.158054,72.176283,14.45,55.89
413289000,MV Ocean Phoenix,Crude Oil Tanker,2026-08-29 13:35:00+00:00,19.162638,72.184473,13.86,55.89
413289000,MV Ocean Phoenix,Crude Oil Tanker,2026-08-29 13:40:00+00:00,19.167016,72.191793,13.77,55.89
413289000,MV Ocean Phoenix,Crude Oil Tanker,2026-08-29 13:45:00+00:00,19.173068,72.200045,14.12,55.89
413289000,MV Ocean Phoenix,Crude Oil Tanker,2026-08-29 13:50:00+00:00,19.177209,72.207455,14.47,55.89
413289000,MV Ocean Phoenix,Crude Oil Tanker,2026-08-29 13:55:00+00:00,19.182862,72.215738,14.65,55.89
413289000,MV Ocean Phoenix,Crude Oil Tanker,2026-08-29 14:00:00+00:00,19.18716,72.223509,14.33,55.89
413289000,MV Ocean Phoenix,Crude Oil Tanker,2026-08-29 14:05:00+00:00,19.192701,72.230663,14.27,55.89
413289000,MV Ocean Phoenix,Crude Oil Tanker,2026-08-29 14:10:00+00:00,19.196911,72.2384,13.82,55.89
413289000,MV Ocean Phoenix,Crude Oil Tanker,2026-08-29 14:15:00+00:00,19.202353,72.246768,14.07,55.89
413289000,MV Ocean Phoenix,Crude Oil Tanker,2026-08-29 14:20:00+00:00,19.207454,72.25398,13.83,55.89
413289000,MV Ocean Phoenix,Crude Oil Tanker,2026-08-29 14:25:00+00:00,19.21171,72.261974,14.03,55.89
413289000,MV Ocean Phoenix,Crude Oil Tanker,2026-08-29 14:30:00+00:00,19.217063,72.268834,14.24,55.89
413289000,MV Ocean Phoenix,Crude Oil Tanker,2026-08-29 14:35:00+00:00,19.221386,72.276603,14.32,55.89
413289000,MV Ocean Phoenix,Crude Oil Tanker,2026-08-29 14:40:00+00:00,19.226096,72.284743,14.42,55.89
413289000,MV Ocean Phoenix,Crude Oil Tanker,2026-08-29 14:45:00+00:00,19.231844,72.292103,14.68,55.89
413289000,MV Ocean Phoenix,Crude Oil Tanker,2026-08-29 14:50:00+00:00,19.236681,72.300924,14.33,55.89
413289000,MV Ocean Phoenix,Crude Oil Tanker,2026-08-29 14:55:00+00:00,19.240706,72.307282,14.23,55.89
413289000,MV Ocean Phoenix,Crude Oil Tanker,2026-08-29 15:00:00+00:00,19.24599,72.315868,14.46,55.89
413289000,MV Ocean Phoenix,Crude Oil Tanker,2026-08-29 15:05:00+00:00,19.25084,72.322176,14.15,55.89
413289000,MV Ocean Phoenix,Crude Oil Tanker,2026-08-29 15:10:00+00:00,19.256723,72.330695,14.57,55.89
413289000,MV Ocean Phoenix,Crude Oil Tanker,2026-08-29 15:15:00+00:00,19.261402,72.337832,14.24,55.89
413289000,MV Ocean Phoenix,Crude Oil Tanker,2026-08-29 15:20:00+00:00,19.265459,72.345846,13.82,55.89
413289000,MV Ocean Phoenix,Crude Oil Tanker,2026-08-29 15:25:00+00:00,19.270519,72.352607,14.56,55.89
413289000,MV Ocean Phoenix,Crude Oil Tanker,2026-08-29 15:30:00+00:00,19.275697,72.361223,13.87,55.89
413289000,MV Ocean Phoenix,Crude Oil Tanker,2026-08-29 15:35:00+00:00,19.279933,72.36945,14.32,55.89
413289000,MV Ocean Phoenix,Crude Oil Tanker,2026-08-29 15:40:00+00:00,19.28602,72.377282,13.9,55.89
413289000,MV Ocean Phoenix,Crude Oil Tanker,2026-08-29 15:45:00+00:00,19.290465,72.383819,14.35,55.89
413289000,MV Ocean Phoenix,Crude Oil Tanker,2026-08-29 15:50:00+00:00,19.294705,72.392577,14.13,55.89
413289000,MV Ocean Phoenix,Crude Oil Tanker,2026-08-29 15:55:00+00:00,19.300854,72.399169,14.68,55.89
228392000,CMA CGM Mumbai,Container Ship,2026-08-29 06:00:00+00:00,18.449902,71.40008,14.05,55.25
228392000,CMA CGM Mumbai,Container Ship,2026-08-29 06:05:00+00:00,18.457555,71.412548,13.81,55.25
228392000,CMA CGM Mumbai,Container Ship,2026-08-29 06:10:00+00:00,18.465728,71.423632,13.83,55.25
228392000,CMA CGM Mumbai,Container Ship,2026-08-29 06:15:00+00:00,18.472842,71.43669,14.63,55.25
228392000,CMA CGM Mumbai,Container Ship,2026-08-29 06:20:00+00:00,18.481714,71.448674,14.44,55.25
228392000,CMA CGM Mumbai,Container Ship,2026-08-29 06:25:00+00:00,18.489254,71.460569,14.37,55.25
228392000,CMA CGM Mumbai,Container Ship,2026-08-29 06:30:00+00:00,18.497124,71.472677,14.18,55.25
228392000,CMA CGM Mumbai,Container Ship,2026-08-29 06:35:00+00:00,18.505823,71.4847,13.75,55.25
228392000,CMA CGM Mumbai,Container Ship,2026-08-29 06:40:00+00:00,18.513238,71.497566,14.54,55.25
228392000,CMA CGM Mumbai,Container Ship,2026-08-29 06:45:00+00:00,18.521446,71.509021,14.59,55.25
228392000,CMA CGM Mumbai,Container Ship,2026-08-29 06:50:00+00:00,18.529589,71.521378,13.79,55.25
228392000,CMA CGM Mumbai,Container Ship,2026-08-29 06:55:00+00:00,18.536426,71.533958,14.55,55.25
228392000,CMA CGM Mumbai,Container Ship,2026-08-29 07:00:00+00:00,18.544832,71.544964,13.9,55.25
228392000,CMA CGM Mumbai,Container Ship,2026-08-29 07:05:00+00:00,18.552548,71.558391,14.19,55.25
228392000,CMA CGM Mumbai,Container Ship,2026-08-29 07:10:00+00:00,18.559579,71.569837,14.68,55.25
228392000,CMA CGM Mumbai,Container Ship,2026-08-29 07:15:00+00:00,18.569035,71.581589,14.66,55.25
228392000,CMA CGM Mumbai,Container Ship,2026-08-29 07:20:00+00:00,18.576095,71.592739,14.36,55.25
228392000,CMA CGM Mumbai,Container Ship,2026-08-29 07:25:00+00:00,18.584432,71.606064,14.29,55.25
228392000,CMA CGM Mumbai,Container Ship,2026-08-29 07:30:00+00:00,18.59264,71.617972,14.22,55.25
228392000,CMA CGM Mumbai,Container Ship,2026-08-29 07:35:00+00:00,18.599639,71.629685,14.49,55.25
228392000,CMA CGM Mumbai,Container Ship,2026-08-29 07:40:00+00:00,18.60822,71.642993,14.45,55.25
228392000,CMA CGM Mumbai,Container Ship,2026-08-29 07:45:00+00:00,18.61535,71.654463,14.44,55.25
228392000,CMA CGM Mumbai,Container Ship,2026-08-29 07:50:00+00:00,18.623914,71.666353,13.73,55.25
228392000,CMA CGM Mumbai,Container Ship,2026-08-29 07:55:00+00:00,18.631576,71.677797,14.34,55.25
228392000,CMA CGM Mumbai,Container Ship,2026-08-29 08:00:00+00:00,18.639747,71.689705,14.57,55.25
228392000,CMA CGM Mumbai,Container Ship,2026-08-29 08:05:00+00:00,18.647972,71.703485,13.75,55.25
228392000,CMA CGM Mumbai,Container Ship,2026-08-29 08:10:00+00:00,18.655032,71.715493,14.51,55.25
228392000,CMA CGM Mumbai,Container Ship,2026-08-29 08:15:00+00:00,18.6637,71.727181,14.53,55.25
228392000,CMA CGM Mumbai,Container Ship,2026-08-29 08:20:00+00:00,18.670909,71.739833,13.79,55.25
228392000,CMA CGM Mumbai,Container Ship,2026-08-29 08:25:00+00:00,18.679018,71.751679,13.92,55.25
228392000,CMA CGM Mumbai,Container Ship,2026-08-29 08:30:00+00:00,18.686824,71.763296,14.56,55.25
228392000,CMA CGM Mumbai,Container Ship,2026-08-29 08:35:00+00:00,18.69452,71.77522,14.06,55.25
228392000,CMA CGM Mumbai,Container Ship,2026-08-29 08:40:00+00:00,18.703154,71.787483,14.01,55.25
228392000,CMA CGM Mumbai,Container Ship,2026-08-29 08:45:00+00:00,18.710678,71.799329,13.9,55.25
228392000,CMA CGM Mumbai,Container Ship,2026-08-29 08:50:00+00:00,18.718859,71.811685,13.78,55.25
228392000,CMA CGM Mumbai,Container Ship,2026-08-29 08:55:00+00:00,18.726066,71.824026,14.19,55.25
228392000,CMA CGM Mumbai,Container Ship,2026-08-29 09:00:00+00:00,18.7333,71.83699,13.98,55.25
228392000,CMA CGM Mumbai,Container Ship,2026-08-29 09:05:00+00:00,18.741813,71.848687,13.94,55.25
228392000,CMA CGM Mumbai,Container Ship,2026-08-29 09:10:00+00:00,18.7498,71.859557,13.82,55.25
228392000,CMA CGM Mumbai,Container Ship,2026-08-29 09:15:00+00:00,18.758242,71.872699,14.49,55.25
228392000,CMA CGM Mumbai,Container Ship,2026-08-29 09:20:00+00:00,18.765498,71.883818,14.61,55.25
228392000,CMA CGM Mumbai,Container Ship,2026-08-29 09:25:00+00:00,18.773132,71.896311,14.17,55.25
228392000,CMA CGM Mumbai,Container Ship,2026-08-29 09:30:00+00:00,18.780884,71.908932,14.33,55.25
228392000,CMA CGM Mumbai,Container Ship,2026-08-29 09:35:00+00:00,18.789725,71.921552,14.25,55.25
228392000,CMA CGM Mumbai,Container Ship,2026-08-29 09:40:00+00:00,18.79737,71.932654,14.34,55.25
228392000,CMA CGM Mumbai,Container Ship,2026-08-29 09:45:00+00:00,18.804484,71.944948,14.29,55.25
228392000,CMA CGM Mumbai,Container Ship,2026-08-29 09:50:00+00:00,18.812858,71.957178,14.03,55.25
228392000,CMA CGM Mumbai,Container Ship,2026-08-29 09:55:00+00:00,18.82098,71.968873,14.19,55.25
228392000,CMA CGM Mumbai,Container Ship,2026-08-29 10:00:00+00:00,18.829292,71.981638,14.21,55.25
228392000,CMA CGM Mumbai,Container Ship,2026-08-29 10:05:00+00:00,18.838021,71.993511,13.97,55.25
228392000,CMA CGM Mumbai,Container Ship,2026-08-29 10:10:00+00:00,18.845097,72.0051,13.77,55.25
228392000,CMA CGM Mumbai,Container Ship,2026-08-29 10:15:00+00:00,18.852801,72.017978,14.66,55.25
228392000,CMA CGM Mumbai,Container Ship,2026-08-29 10:20:00+00:00,18.860794,72.02897,14.64,55.25
228392000,CMA CGM Mumbai,Container Ship,2026-08-29 10:25:00+00:00,18.86842,72.041333,14.26,55.25
228392000,CMA CGM Mumbai,Container Ship,2026-08-29 10:30:00+00:00,18.876034,72.05344,14.4,55.25
228392000,CMA CGM Mumbai,Container Ship,2026-08-29 10:35:00+00:00,18.884275,72.065868,14.66,55.25
228392000,CMA CGM Mumbai,Container Ship,2026-08-29 10:40:00+00:00,18.892142,72.077934,14.64,55.25
228392000,CMA CGM Mumbai,Container Ship,2026-08-29 10:45:00+00:00,18.899205,72.090618,14.51,55.25
228392000,CMA CGM Mumbai,Container Ship,2026-08-29 10:50:00+00:00,18.908453,72.102092,14.7,55.25
228392000,CMA CGM Mumbai,Container Ship,2026-08-29 10:55:00+00:00,18.916689,72.114629,14.19,55.25
228392000,CMA CGM Mumbai,Container Ship,2026-08-29 11:00:00+00:00,18.923296,72.126806,14.29,55.25
228392000,CMA CGM Mumbai,Container Ship,2026-08-29 11:05:00+00:00,18.931642,72.138605,14.02,55.25
228392000,CMA CGM Mumbai,Container Ship,2026-08-29 11:10:00+00:00,18.939701,72.150559,13.97,55.25
228392000,CMA CGM Mumbai,Container Ship,2026-08-29 11:15:00+00:00,18.947234,72.162172,14.52,55.25
228392000,CMA CGM Mumbai,Container Ship,2026-08-29 11:20:00+00:00,18.955101,72.174357,14.19,55.25
228392000,CMA CGM Mumbai,Container Ship,2026-08-29 11:25:00+00:00,18.963644,72.185941,14.24,55.25
228392000,CMA CGM Mumbai,Container Ship,2026-08-29 11:30:00+00:00,18.97176,72.199013,13.94,55.25
228392000,CMA CGM Mumbai,Container Ship,2026-08-29 11:35:00+00:00,18.978422,72.211256,14.15,55.25
228392000,CMA CGM Mumbai,Container Ship,2026-08-29 11:40:00+00:00,18.986834,72.223466,13.9,55.25
228392000,CMA CGM Mumbai,Container Ship,2026-08-29 11:45:00+00:00,18.994462,72.234442,14.48,55.25
228392000,CMA CGM Mumbai,Container Ship,2026-08-29 11:50:00+00:00,19.002041,72.247862,14.44,55.25
228392000,CMA CGM Mumbai,Container Ship,2026-08-29 11:55:00+00:00,19.010295,72.259024,13.71,55.25
228392000,CMA CGM Mumbai,Container Ship,2026-08-29 12:00:00+00:00,19.018045,72.271569,13.76,55.25
228392000,CMA CGM Mumbai,Container Ship,2026-08-29 12:05:00+00:00,19.026179,72.28357,14.3,55.25
228392000,CMA CGM Mumbai,Container Ship,2026-08-29 12:10:00+00:00,19.034503,72.29634,13.99,55.25
228392000,CMA CGM Mumbai,Container Ship,2026-08-29 12:15:00+00:00,19.041078,72.307145,14.36,55.25
228392000,CMA CGM Mumbai,Container Ship,2026-08-29 12:20:00+00:00,19.050928,72.32026,14.56,55.25
228392000,CMA CGM Mumbai,Container Ship,2026-08-29 12:25:00+00:00,19.058348,72.332154,14.12,55.25
228392000,CMA CGM Mumbai,Container Ship,2026-08-29 12:30:00+00:00,19.065562,72.345006,14.09,55.25
228392000,CMA CGM Mumbai,Container Ship,2026-08-29 12:35:00+00:00,19.073572,72.357799,14.68,55.25
228392000,CMA CGM Mumbai,Container Ship,2026-08-29 12:40:00+00:00,19.082444,72.369122,14.13,55.25
228392000,CMA CGM Mumbai,Container Ship,2026-08-29 12:45:00+00:00,19.089361,72.380564,14.38,55.25
228392000,CMA CGM Mumbai,Container Ship,2026-08-29 12:50:00+00:00,19.09787,72.392858,14.67,55.25
228392000,CMA CGM Mumbai,Container Ship,2026-08-29 12:55:00+00:00,19.105432,72.4039,14.22,55.25
228392000,CMA CGM Mumbai,Container Ship,2026-08-29 13:00:00+00:00,19.113592,72.4169,14.25,55.25
228392000,CMA CGM Mumbai,Container Ship,2026-08-29 13:05:00+00:00,19.122201,72.428987,14.6,55.25
228392000,CMA CGM Mumbai,Container Ship,2026-08-29 13:10:00+00:00,19.12849,72.441237,14.45,55.25
228392000,CMA CGM Mumbai,Container Ship,2026-08-29 13:15:00+00:00,19.136558,72.453897,14.46,55.25
228392000,CMA CGM Mumbai,Container Ship,2026-08-29 13:20:00+00:00,19.143977,72.465627,14.16,55.25
228392000,CMA CGM Mumbai,Container Ship,2026-08-29 13:25:00+00:00,19.152966,72.477088,14.14,55.25
228392000,CMA CGM Mumbai,Container Ship,2026-08-29 13:30:00+00:00,19.160512,72.488629,14.08,55.25
228392000,CMA CGM Mumbai,Container Ship,2026-08-29 13:35:00+00:00,19.168363,72.501667,14.07,55.25
228392000,CMA CGM Mumbai,Container Ship,2026-08-29 13:40:00+00:00,19.176312,72.512952,14.6,55.25
228392000,CMA CGM Mumbai,Container Ship,2026-08-29 13:45:00+00:00,19.184721,72.526401,14.31,55.25
228392000,CMA CGM Mumbai,Container Ship,2026-08-29 13:50:00+00:00,19.192878,72.538235,13.92,55.25
228392000,CMA CGM Mumbai,Container Ship,2026-08-29 13:55:00+00:00,19.200881,72.549364,14.24,55.25
563091000,Sagar Samrat Support,Tug/Supply Vessel,2026-08-29 00:00:00+00:00,19.350741,71.249689,3.81,53.41
563091000,Sagar Samrat Support,Tug/Supply Vessel,2026-08-29 00:10:00+00:00,19.351628,71.25152,3.8,53.41
563091000,Sagar Samrat Support,Tug/Supply Vessel,2026-08-29 00:20:00+00:00,19.351239,71.251753,3.6,53.41
563091000,Sagar Samrat Support,Tug/Supply Vessel,2026-08-29 00:30:00+00:00,19.351505,71.25292,3.52,53.41
563091000,Sagar Samrat Support,Tug/Supply Vessel,2026-08-29 00:40:00+00:00,19.352671,71.253349,3.61,53.41
563091000,Sagar Samrat Support,Tug/Supply Vessel,2026-08-29 00:50:00+00:00,19.35362,71.254586,3.53,53.41
563091000,Sagar Samrat Support,Tug/Supply Vessel,2026-08-29 01:00:00+00:00,19.353275,71.255507,3.53,53.41
563091000,Sagar Samrat Support,Tug/Supply Vessel,2026-08-29 01:10:00+00:00,19.354289,71.256277,3.7,53.41
563091000,Sagar Samrat Support,Tug/Supply Vessel,2026-08-29 01:20:00+00:00,19.355603,71.257695,3.54,53.41
563091000,Sagar Samrat Support,Tug/Supply Vessel,2026-08-29 01:30:00+00:00,19.354819,71.257979,3.57,53.41
563091000,Sagar Samrat Support,Tug/Supply Vessel,2026-08-29 01:40:00+00:00,19.357039,71.259455,3.9,53.41
563091000,Sagar Samrat Support,Tug/Supply Vessel,2026-08-29 01:50:00+00:00,19.35728,71.260794,3.74,53.41
563091000,Sagar Samrat Support,Tug/Supply Vessel,2026-08-29 02:00:00+00:00,19.35669,71.261585,4.03,53.41
563091000,Sagar Samrat Support,Tug/Supply Vessel,2026-08-29 02:10:00+00:00,19.35864,71.261366,3.66,53.41
563091000,Sagar Samrat Support,Tug/Supply Vessel,2026-08-29 02:20:00+00:00,19.359062,71.262942,4.09,53.41
563091000,Sagar Samrat Support,Tug/Supply Vessel,2026-08-29 02:30:00+00:00,19.359501,71.264278,3.72,53.41
563091000,Sagar Samrat Support,Tug/Supply Vessel,2026-08-29 02:40:00+00:00,19.360222,71.264866,3.64,53.41
563091000,Sagar Samrat Support,Tug/Supply Vessel,2026-08-29 02:50:00+00:00,19.360712,71.265999,3.86,53.41
563091000,Sagar Samrat Support,Tug/Supply Vessel,2026-08-29 03:00:00+00:00,19.361716,71.266307,3.56,53.41
563091000,Sagar Samrat Support,Tug/Supply Vessel,2026-08-29 03:10:00+00:00,19.362191,71.267777,3.66,53.41
563091000,Sagar Samrat Support,Tug/Supply Vessel,2026-08-29 03:20:00+00:00,19.362433,71.268197,3.88,53.41
563091000,Sagar Samrat Support,Tug/Supply Vessel,2026-08-29 03:30:00+00:00,19.364495,71.269682,3.58,53.41
563091000,Sagar Samrat Support,Tug/Supply Vessel,2026-08-29 03:40:00+00:00,19.363473,71.269262,3.71,53.41
563091000,Sagar Samrat Support,Tug/Supply Vessel,2026-08-29 03:50:00+00:00,19.365408,71.271521,3.88,53.41
563091000,Sagar Samrat Support,Tug/Supply Vessel,2026-08-29 04:00:00+00:00,19.365604,71.272328,3.57,53.41
563091000,Sagar Samrat Support,Tug/Supply Vessel,2026-08-29 04:10:00+00:00,19.365467,71.273479,3.94,53.41
563091000,Sagar Samrat Support,Tug/Supply Vessel,2026-08-29 04:20:00+00:00,19.366846,71.274392,3.7,53.41
563091000,Sagar Samrat Support,Tug/Supply Vessel,2026-08-29 04:30:00+00:00,19.367482,71.275735,3.98,53.41
563091000,Sagar Samrat Support,Tug/Supply Vessel,2026-08-29 04:40:00+00:00,19.369141,71.275691,4.0,53.41
563091000,Sagar Samrat Support,Tug/Supply Vessel,2026-08-29 04:50:00+00:00,19.36931,71.277057,3.53,53.41
563091000,Sagar Samrat Support,Tug/Supply Vessel,2026-08-29 05:00:00+00:00,19.369646,71.278406,3.67,53.41
563091000,Sagar Samrat Support,Tug/Supply Vessel,2026-08-29 05:10:00+00:00,19.37003,71.279385,3.54,53.41
563091000,Sagar Samrat Support,Tug/Supply Vessel,2026-08-29 05:20:00+00:00,19.370568,71.28056,3.62,53.41
563091000,Sagar Samrat Support,Tug/Supply Vessel,2026-08-29 05:30:00+00:00,19.371662,71.280348,4.04,53.41
563091000,Sagar Samrat Support,Tug/Supply Vessel,2026-08-29 05:40:00+00:00,19.373095,71.281008,3.78,53.41
563091000,Sagar Samrat Support,Tug/Supply Vessel,2026-08-29 05:50:00+00:00,19.373336,71.282543,3.73,53.41
563091000,Sagar Samrat Support,Tug/Supply Vessel,2026-08-29 06:00:00+00:00,19.373538,71.283867,3.59,53.41
563091000,Sagar Samrat Support,Tug/Supply Vessel,2026-08-29 06:10:00+00:00,19.373253,71.284726,3.82,53.41
563091000,Sagar Samrat Support,Tug/Supply Vessel,2026-08-29 06:20:00+00:00,19.374978,71.285192,3.73,53.41
563091000,Sagar Samrat Support,Tug/Supply Vessel,2026-08-29 06:30:00+00:00,19.375255,71.286205,3.67,53.41
563091000,Sagar Samrat Support,Tug/Supply Vessel,2026-08-29 06:40:00+00:00,19.376119,71.287234,3.93,53.41
563091000,Sagar Samrat Support,Tug/Supply Vessel,2026-08-29 06:50:00+00:00,19.376985,71.288358,3.79,53.41
563091000,Sagar Samrat Support,Tug/Supply Vessel,2026-08-29 07:00:00+00:00,19.376766,71.288505,3.9,53.41
563091000,Sagar Samrat Support,Tug/Supply Vessel,2026-08-29 07:10:00+00:00,19.377472,71.290525,3.65,53.41
563091000,Sagar Samrat Support,Tug/Supply Vessel,2026-08-29 07:20:00+00:00,19.37922,71.291339,3.88,53.41
563091000,Sagar Samrat Support,Tug/Supply Vessel,2026-08-29 07:30:00+00:00,19.380067,71.292572,3.55,53.41
563091000,Sagar Samrat Support,Tug/Supply Vessel,2026-08-29 07:40:00+00:00,19.379765,71.292386,3.77,53.41
563091000,Sagar Samrat Support,Tug/Supply Vessel,2026-08-29 07:50:00+00:00,19.381299,71.293599,3.58,53.41
563091000,Sagar Samrat Support,Tug/Supply Vessel,2026-08-29 08:00:00+00:00,19.381535,71.29524,4.05,53.41
563091000,Sagar Samrat Support,Tug/Supply Vessel,2026-08-29 08:10:00+00:00,19.38205,71.294869,3.83,53.41
563091000,Sagar Samrat Support,Tug/Supply Vessel,2026-08-29 08:20:00+00:00,19.38294,71.296801,4.05,53.41
563091000,Sagar Samrat Support,Tug/Supply Vessel,2026-08-29 08:30:00+00:00,19.382394,71.297195,4.06,53.41
563091000,Sagar Samrat Support,Tug/Supply Vessel,2026-08-29 08:40:00+00:00,19.384433,71.298338,3.5,53.41
563091000,Sagar Samrat Support,Tug/Supply Vessel,2026-08-29 08:50:00+00:00,19.384766,71.29947,3.66,53.41
563091000,Sagar Samrat Support,Tug/Supply Vessel,2026-08-29 09:00:00+00:00,19.385341,71.300527,3.64,53.41
563091000,Sagar Samrat Support,Tug/Supply Vessel,2026-08-29 09:10:00+00:00,19.386336,71.302084,3.56,53.41
563091000,Sagar Samrat Support,Tug/Supply Vessel,2026-08-29 09:20:00+00:00,19.386507,71.30253,3.78,53.41
563091000,Sagar Samrat Support,Tug/Supply Vessel,2026-08-29 09:30:00+00:00,19.387767,71.303272,4.08,53.41
563091000,Sagar Samrat Support,Tug/Supply Vessel,2026-08-29 09:40:00+00:00,19.387666,71.303387,3.82,53.41
563091000,Sagar Samrat Support,Tug/Supply Vessel,2026-08-29 09:50:00+00:00,19.388189,71.305028,3.87,53.41
563091000,Sagar Samrat Support,Tug/Supply Vessel,2026-08-29 10:00:00+00:00,19.389885,71.306162,3.61,53.41
563091000,Sagar Samrat Support,Tug/Supply Vessel,2026-08-29 10:10:00+00:00,19.389757,71.307262,3.57,53.41
563091000,Sagar Samrat Support,Tug/Supply Vessel,2026-08-29 10:20:00+00:00,19.390619,71.30788,3.86,53.41
563091000,Sagar Samrat Support,Tug/Supply Vessel,2026-08-29 10:30:00+00:00,19.39133,71.308638,3.94,53.41
563091000,Sagar Samrat Support,Tug/Supply Vessel,2026-08-29 10:40:00+00:00,19.39251,71.31049,3.96,53.41
563091000,Sagar Samrat Support,Tug/Supply Vessel,2026-08-29 10:50:00+00:00,19.392249,71.310671,3.87,53.41
563091000,Sagar Samrat Support,Tug/Supply Vessel,2026-08-29 11:00:00+00:00,19.392208,71.311272,3.97,53.41
563091000,Sagar Samrat Support,Tug/Supply Vessel,2026-08-29 11:10:00+00:00,19.39342,71.312507,4.09,53.41
563091000,Sagar Samrat Support,Tug/Supply Vessel,2026-08-29 11:20:00+00:00,19.394861,71.3145,3.98,53.41
563091000,Sagar Samrat Support,Tug/Supply Vessel,2026-08-29 11:30:00+00:00,19.394391,71.314135,3.6,53.41
563091000,Sagar Samrat Support,Tug/Supply Vessel,2026-08-29 11:40:00+00:00,19.395408,71.313657,3.85,53.41
563091000,Sagar Samrat Support,Tug/Supply Vessel,2026-08-29 11:50:00+00:00,19.396727,71.316471,4.01,53.41
563091000,Sagar Samrat Support,Tug/Supply Vessel,2026-08-29 12:00:00+00:00,19.396687,71.316749,3.66,53.41
563091000,Sagar Samrat Support,Tug/Supply Vessel,2026-08-29 12:10:00+00:00,19.398319,71.31822,3.73,53.41
563091000,Sagar Samrat Support,Tug/Supply Vessel,2026-08-29 12:20:00+00:00,19.397527,71.31872,3.52,53.41
563091000,Sagar Samrat Support,Tug/Supply Vessel,2026-08-29 12:30:00+00:00,19.399669,71.319838,3.83,53.41
563091000,Sagar Samrat Support,Tug/Supply Vessel,2026-08-29 12:40:00+00:00,19.399093,71.321086,3.84,53.41
563091000,Sagar Samrat Support,Tug/Supply Vessel,2026-08-29 12:50:00+00:00,19.400079,71.321634,3.92,53.41
563091000,Sagar Samrat Support,Tug/Supply Vessel,2026-08-29 13:00:00+00:00,19.401229,71.321988,3.7,53.41
563091000,Sagar Samrat Support,Tug/Supply Vessel,2026-08-29 13:10:00+00:00,19.402459,71.322993,3.93,53.41
563091000,Sagar Samrat Support,Tug/Supply Vessel,2026-08-29 13:20:00+00:00,19.401963,71.325644,3.63,53.41
563091000,Sagar Samrat Support,Tug/Supply Vessel,2026-08-29 13:30:00+00:00,19.403446,71.326606,3.58,53.41
563091000,Sagar Samrat Support,Tug/Supply Vessel,2026-08-29 13:40:00+00:00,19.40342,71.326277,4.01,53.41
563091000,Sagar Samrat Support,Tug/Supply Vessel,2026-08-29 13:50:00+00:00,19.404011,71.327685,4.04,53.41
563091000,Sagar Samrat Support,Tug/Supply Vessel,2026-08-29 14:00:00+00:00,19.405543,71.328475,3.9,53.41
563091000,Sagar Samrat Support,Tug/Supply Vessel,2026-08-29 14:10:00+00:00,19.405647,71.328525,3.84,53.41
563091000,Sagar Samrat Support,Tug/Supply Vessel,2026-08-29 14:20:00+00:00,19.406594,71.330254,3.84,53.41
563091000,Sagar Samrat Support,Tug/Supply Vessel,2026-08-29 14:30:00+00:00,19.407183,71.331915,3.84,53.41
563091000,Sagar Samrat Support,Tug/Supply Vessel,2026-08-29 14:40:00+00:00,19.408177,71.332559,4.02,53.41
563091000,Sagar Samrat Support,Tug/Supply Vessel,2026-08-29 14:50:00+00:00,19.407936,71.333634,3.7,53.41
563091000,Sagar Samrat Support,Tug/Supply Vessel,2026-08-29 15:00:00+00:00,19.408016,71.33384,3.9,53.41
563091000,Sagar Samrat Support,Tug/Supply Vessel,2026-08-29 15:10:00+00:00,19.408943,71.335168,3.59,53.41
563091000,Sagar Samrat Support,Tug/Supply Vessel,2026-08-29 15:20:00+00:00,19.410508,71.336339,3.5,53.41
563091000,Sagar Samrat Support,Tug/Supply Vessel,2026-08-29 15:30:00+00:00,19.410362,71.336981,3.59,53.41
563091000,Sagar Samrat Support,Tug/Supply Vessel,2026-08-29 15:40:00+00:00,19.411535,71.33819,3.72,53.41
563091000,Sagar Samrat Support,Tug/Supply Vessel,2026-08-29 15:50:00+00:00,19.411863,71.338982,3.64,53.41
563091000,Sagar Samrat Support,Tug/Supply Vessel,2026-08-29 16:00:00+00:00,19.413258,71.340018,3.96,53.41
563091000,Sagar Samrat Support,Tug/Supply Vessel,2026-08-29 16:10:00+00:00,19.414425,71.339835,3.85,53.41
563091000,Sagar Samrat Support,Tug/Supply Vessel,2026-08-29 16:20:00+00:00,19.413013,71.342042,3.78,53.41
563091000,Sagar Samrat Support,Tug/Supply Vessel,2026-08-29 16:30:00+00:00,19.413833,71.342698,3.73,53.41
563091000,Sagar Samrat Support,Tug/Supply Vessel,2026-08-29 16:40:00+00:00,19.416307,71.343762,3.95,53.41
563091000,Sagar Samrat Support,Tug/Supply Vessel,2026-08-29 16:50:00+00:00,19.415824,71.344399,3.69,53.41
563091000,Sagar Samrat Support,Tug/Supply Vessel,2026-08-29 17:00:00+00:00,19.417255,71.345449,3.71,53.41
563091000,Sagar Samrat Support,Tug/Supply Vessel,2026-08-29 17:10:00+00:00,19.4165,71.346518,4.05,53.41
563091000,Sagar Samrat Support,Tug/Supply Vessel,2026-08-29 17:20:00+00:00,19.418349,71.34771,4.01,53.41
563091000,Sagar Samrat Support,Tug/Supply Vessel,2026-08-29 17:30:00+00:00,19.41873,71.348969,3.93,53.41
563091000,Sagar Samrat Support,Tug/Supply Vessel,2026-08-29 17:40:00+00:00,19.4195,71.349363,3.53,53.41
563091000,Sagar Samrat Support,Tug/Supply Vessel,2026-08-29 17:50:00+00:00,19.419984,71.349525,4.04,53.41
